PACCHETTI BRANDING / IDENTITÀ,,,,,PACCHETTI WEB / DIGITAL,,,,,,,,PACCHETTI SOCIAL MEDIA ,,,EVENTI ,,,,FASHION - MUSIC ,,,,CORPORATE ,,,,COMMERCIAL ADV,,,,8. PACCHETTI PODCAST,,,PACCHETTI PERSONAL BRANDING,,,PACCHETTI SPORT / TEAM / ATLETI,,,,,,PACCHETTI ARTISTI / MUSICA / CREATOR,,
,,,,,,,,,,,,,,,,,,,,,,,,,,,,,,,,,,,,,,,,,,,,,,
,,,,,,,,,,,,,,,,,,,,,,,,,,,,,,,,,,,,,,,,,,,,,,
,,,,,,,,,,,,,,,,,,,,,,,,,,,,,,,,,,,,,,,,,,,,,,
,,,,,,,,,,,,,,,,,,,,,,,,,,,,,,,,,,,,,,,,,,,,,,
Brand Identity Start,Brand Identity Pro,Brand Identity Premium,Rebranding,Rebranding Pro,Website Start,Website Pro,Website Premium,E-commerce Start,E-commerce Pro,E-commerce Premium,Landing Campaign,Landing Campaign Pro,Social Start,Social Pro,Social Premium,Video Start, Video Pro ,Video Premium ,Video Luxury,Video Start, Video Pro ,Video Premium ,Video Luxury,Video Start, Video Pro ,Video Premium ,Video Luxury,Video Start, Video Pro ,Video Premium ,Video Luxury,Podcast Start,Podcast Pro,Podcast Premium,Personal Brand Start,Personal Brand Pro ,Personal Brand Premium,Sport Brand Start,Sport Brand Pro ,Sport Brand Premium ,TEAM Brand Start,TEAM Brand Pro,Team Brand Premium,Artist Brand Start,Artist Brand Pro,Artist Team Premium
ANALISI,ANALISI,ANALISI STRATEGICA,AUDIT,STRATEGIA,Struttura,Analisi,Analisi Strategica,Struttura,Analisi,Analisi Strategica,Landing,Strategia,Analisi,Analisi,Analisi Strategica,Pre-Produzione,Pre-Produzione,Pre-Produzione,Pre-Produzione,Pre-Produzione,Pre-Produzione,Pre-Produzione,Pre-Produzione,Pre-Produzione,Pre-Produzione,Pre-Produzione,Pre-Produzione,Pre-Produzione,Pre-Produzione,Pre-Produzione,Pre-Produzione,Pre-Produzione,Pre-Produzione,Pre-Produzione,Analisi,Analisi,Analisi,Analisi,Analisi,Analisi,Analisi,Analisi,Analisi,Analisi,Analisi,Analisi
Brief iniziale,Tutto Start,Tutto Pro,Brief,Tutto Rebranding,Landing page / One-page website,Tutto Website Start,Tutto Website Pro,Landing / One Page,Tutto Start,Tutto Pro,Landing Page,Workshop,Brief iniziale,Tutto Start,Tutto Pro,Brief iniziale,Brief iniziale,Brief iniziale,Brief iniziale,Brief iniziale,Brief iniziale,Brief iniziale,Brief iniziale,Brief iniziale,Brief iniziale,Brief iniziale,Brief iniziale,Brief iniziale,Brief iniziale,Brief iniziale,Brief iniziale,Brief iniziale,Ideazione concept con il cliente,Ideazione concept,Brief iniziale,Tutto Start,Tutto Pro,Brief,Tutto Start,Tutto Start,Brief iniziale,Tutto Start,Workshop società,Brief iniziale,Tutto Start,Workshop creativo
Analisi dell'attività,Analisi Brand approfondita,Workshop Strategico,Audit Brand,Audit Comunicazione Completo,Responsive Design,Analisi competitor,Workshop iniziale,Catalogo prodotti,Analisi catalogo,UX Analysis,Copywriting,Funnel Design,Analisi attività,Analisi competitor avanzata,Workshop,Pianificazione riprese,Pianificazione riprese,Scrittura creativa,Concept creativo,Pianificazione riprese,Pianificazione riprese,Scrittura creativa,Concept creativo,Pianificazione riprese,Pianificazione riprese,Scrittura creativa,Concept creativo,Pianificazione riprese,Pianificazione riprese,Scrittura creativa,Concept creativo,Pianificazione puntata,Pianificazione stagione,Concept creativo,Analisi profilo,Analisi competitor,Workshop,Analisi atleta,Analisi sponsor,Analisi sponsor,Analisi società / squadra,Analisi competitor,Posizionamento,Analisi progetto artistico,Analisi competitor,Strategia annuale
Analisi del settore,Analisi Competitor,Workshop Team,Audit Comunicazione,Analisi Competitor Avanzata,Navigazione base,Architettura del sito,UX Analysis,Schede prodotto,,Customer Journey,CTA,Strategia Lead Generation,Analisi competitor base,Studio benchmark,Analisi Brand,,Shot List,Pianificazione riprese,Scrittura creativa,,Shot List,Pianificazione riprese,Scrittura creativa,,Shot List,Pianificazione riprese,Scrittura creativa,,Shot List,Pianificazione riprese,Scrittura creativa,Scaletta episodio,Realizzazione grafiche,Production Design,Definizione obiettivi,Analisi personal brand,Posizionamento,Definizione obiettivi,Analisi competitor,Analisi competitor,Definizione obiettivi,Analisi tifoseria,Strategia annuale,Posizionamento,Analisi piattaforme,Piano release
Definizione obiettivi,Analisi Target,Analisi Competitor Avanzata,Audit Materiali,Analisi Mercato,Call To Action,Definizione pagine,Analisi competitor avanzata,Checkout,Catalogo,,Form,,Definizione obiettivi,Analisi target avanzata,Analisi Mercato,Produzione,,Shot List,Storyboard,Produzione,,Shot List,Storyboard,Produzione,,Shot List,Storyboard,Produzione,,Shot List,Storyboard,,Scaletta episodio,Scenografia,Definizione target,Analisi audience,Brand Identity personale,,,,Analisi sponsor,Analisi sponsor,,Definizione pubblico,Piano release,Piano collaborazioni
Raccolta reference,Posizionamento Base,Analisi Mercato,Audit Social,Analisi Target,,,Customer Journey,,Categorie,Catalogo,,Funnel,Definizione target,,Customer Journey,1 operatore video,Produzione,Storyboard (se necessario),Location Scouting,1 operatore video,Produzione,Storyboard (se necessario),Location Scouting,1 operatore video,Produzione,Storyboard (se necessario),Location Scouting,1 operatore video,Produzione,Storyboard (se necessario),Location Scouting,Produzione,,Grafiche personalizzate,,,,Strategia,Strategia,Strategia,,,Strategia,,,
,,Analisi Target,Audit Website,Analisi Percezione,Infrastruttura,Struttura,,Infrastruttura,Filtri,Catalogo avanzato,Marketing,Landing,,Strategia,Posizionamento,Riprese monocamera,2 operatori video,,Sopralluogo tecnico,Riprese monocamera,2 operatori video,,Sopralluogo tecnico,Riprese monocamera,2 operatori video,,Sopralluogo tecnico,Riprese monocamera,2 operatori video,,Sopralluogo tecnico,Studio Podcast,Produzione,Scaletta stagione,Strategia,Strategia,Strategia,Posizionamento personale,Strategia contenuti,Strategia Annuale,Strategia,Strategia,Piano comunicazione annuale,Strategia,Strategia,Direzione Artistica
IDENTITÀ,IDENTITÀ,Buyer Personas,Audit Packaging,Nuovo Posizionamento,Dominio,Sito multipagina,UX / UI,Dominio,Tag,Filtri avanzati,Newsletter,Thank You Page,Strategia,Piano editoriale completo,,Copertura evento,Riprese multicamera,Produzione,Pianificazione completa,,Riprese multicamera,Produzione,Pianificazione completa,,Riprese multicamera,Produzione,Pianificazione completa,,Riprese multicamera,Produzione,Pianificazione completa,Multicamera (2 camere),Studio Podcast,,Posizionamento personale,Strategia contenuti,Strategia Annuale,Tone of Voice,Content Pillars,Piano Media,Piano comunicazione base,Strategia stagione,Strategia sponsor,Direzione immagine,Direzione Artistica,Supervisione creativa
Naming (se necessario),Logo System completo,Customer Journey,Audit Merchandising,Nuova Strategia,Hosting,Blog,Wireframe,Hosting,Varianti,Ricerca intelligente,Pixel Meta,Upsell,Piano editoriale base,Strategia contenuti,Strategia,,Copertura completa evento,2 operatori video,,Post-Produzione,Interviste,2 operatori video,,Post-Produzione,Interviste,2 operatori video,,Post-Produzione,Interviste,2 operatori video,,Registrazione audio,Multicamera (3 camere),Produzione,Tone of Voice,Content Pillars,Piano Media,Piano editoriale base,Storytelling personale,Piano Collaborazioni,Calendario stagione,Piano sponsor,Piano merchandising,Moodboard,Concept visuale,Concept album
Logo principale,Varianti complete,SWOT Analysis,,Nuovo Tone of Voice,Certificato SSL,FAQ,User Experience,SSL,,,Google Analytics,Downsell,Rubriche,Content Pillars,Strategia Annuale,Post-Produzione,Interviste,Riprese multicamera,Produzione,Montaggio professionale,Backstage,Riprese multicamera,Produzione,Montaggio professionale,Backstage,Riprese multicamera,Produzione,Montaggio professionale,Backstage,Riprese multicamera,Produzione,Registrazione video,Illuminotecnica professionale,Studio Podcast Premium,Piano editoriale base,Storytelling personale,Piano Collaborazioni,Calendario pubblicazioni,Piano crescita,Piano PR,Tone of Voice,Piano contenuti,,Visual Identity base,Strategia immagine,Concept videoclip
Logo orizzontale,Sistema cromatico completo,Brand Audit,ANALISI,Nuovo Storytelling,Backup,Portfolio,User Interface,Backup,Vendita,Vendita,,,Tone of Voice base,Funnel Social,Piano editoriale,Montaggio professionale,Backstage,Fotografo dedicato,Fino a 3 operatori video,Color Correction,,Fotografo dedicato,Fino a 3 operatori video,Color Correction,,Fotografo dedicato,Fino a 3 operatori video,Color Correction,,Fotografo dedicato,Fino a 3 operatori video,,Registrazione audio professionale,Multicamera (4 camere),Calendario pubblicazioni,Piano crescita,Piano PR,,,,Piano social,,Produzione,,,Storytelling
Logo verticale,Sistema tipografico completo,Posizionamento Strategico,Analisi Logo,,Sicurezza base,Team,Prototipo,Sicurezza,Checkout avanzato,Cross Selling,SEO,Marketing,Calendario editoriale,,Strategia Video,Color Correction,,Drone (ove consentito),Regista dedicato,Ottimizzazione audio,Post-Produzione,Drone (ove consentito),Regista dedicato,Ottimizzazione audio,Post-Produzione,Drone (ove consentito),Regista dedicato,Ottimizzazione audio,Post-Produzione,Drone (ove consentito),Regista dedicato,Post-Produzione,Regia multicamera,Regia dedicata,,,,Produzione,Produzione,Produzione,,Produzione,Shooting Premium,Produzione,Produzione,
Logo monocromatico,Visual Identity completa,Analisi Differenziazione,Analisi Identità,CHANGE MANAGEMENT,,Testimonianze,,,Coupon,Upselling,SEO Base,CRM,,Produzione,Strategia Stories,Ottimizzazione audio,Post-Produzione,Interviste,Direttore della Fotografia,Titolazione base,Montaggio professionale,Interviste,Direttore della Fotografia,Titolazione base,Montaggio professionale,Interviste,Direttore della Fotografia,Titolazione base,Montaggio professionale,Interviste,Direttore della Fotografia,Montaggio professionale,,Operatori dedicati,Produzione,Produzione,Produzione,Shooting sportivo,Shooting mensile,Shooting mensile,Produzione,Shooting mensile,Mini Serie,Shooting fotografico,Shooting Premium,Produzione
Logo negativo,Visual System completo,,Analisi Materiali,Piano Transizione,Contenuti,,Struttura,Vendita,Gift Card,Bundle,,Email Marketing,Setup,Shooting professionale,Strategia Reels,Titolazione base,Montaggio professionale,Backstage completo,Riprese multicamera,Logo finale,Color Correction accurata,Backstage completo,Riprese multicamera,Logo finale,Color Correction accurata,Backstage completo,Riprese multicamera,Logo finale,Color Correction accurata,Backstage completo,Riprese multicamera,Pulizia audio,Post-Produzione,Illuminotecnica professionale,Shooting fotografico,Shooting mensile,Shooting Premium,3 Reel,Video allenamenti,Video allenamenti,Shooting squadra,Video allenamenti,Documentary stagione,Live Session,Videoclip,Shooting Premium
Favicon,Pattern grafici,STRATEGIA BRAND,Analisi Competitor,Timeline,Inserimento testi,Infrastruttura,Sito multipagina avanzato,Catalogo,Wishlist,Prodotti correlati,Analytics,Automazioni,Ottimizzazione profili,Reel,Piano Campagne,Logo finale,Color Correction accurata,,Fotografi dedicati (fino a 2),,Ottimizzazione audio,,Fotografi dedicati (fino a 2),,Ottimizzazione audio,,Fotografi dedicati (fino a 2),,Ottimizzazione audio,,Fotografi dedicati (fino a 2),Color Correction,Montaggio professionale,Audio professionale,Shooting video,Shooting video,Video Premium,Foto allenamento,Interviste,Interviste,Foto ufficiali,Video partita,Drone,Performance Video,Behind the Scenes,Videoclip Cinematico
Social Icon,Libreria elementi grafici,Mission,Analisi Touchpoint,Cronoprogramma,Inserimento immagini,Dominio,Blog avanzato,Descrizioni,,,Tracciamento conversioni,Lead Magnet,Bio,Carousel,,,Ottimizzazione audio,Post-Produzione,Drone (ove consentito),Deliverables,Motion Graphics base,Post-Produzione,Drone (ove consentito),Deliverables,Motion Graphics base,Post-Produzione,Drone (ove consentito),Deliverables,Motion Graphics base,Post-Produzione,Drone (ove consentito),Copertina episodio,Color Correction,Registrazione Live,2 Reel professionali,6 Reel,12 Reel,,8 Reel,8 Reel,Foto individuali,Interviste,Streaming,4 Reel,Live Performance,Live Session Premium
,Sistema Icone,Vision,Analisi Reputazione,Strategia Comunicazione,Galleria immagini,Hosting,Portfolio avanzato,Prezzi,CRM,Marketing,,,Link,Stories,Produzione,Deliverables,Motion Graphics base,Montaggio cinematografico,Interviste premium,Aftermovie,Lower Third,Montaggio cinematografico,Interviste premium,Aftermovie,Lower Third,Montaggio cinematografico,Interviste premium,Aftermovie,Lower Third,Montaggio cinematografico,Interviste premium,,Audio ottimizzato,Streaming Twitch / YouTube,Foto profilo professionali,Mini interviste,Podcast Clip,Social,,,4 Reel,Backstage,Highlight professionali,,8 Reel,Documentary
VISUAL IDENTITY,,Valori,Analisi Percezione,Comunicazione Interna,Contatti,SSL,Area News,Varianti,CRM Premium,Funnel,,Analytics,Immagine profilo,Shorts,Shooting multipli,Aftermovie,Lower Third,Color Grading professionale,Backstage completo,Versione Full HD,Titolazione professionale,Color Grading professionale,Backstage completo,Versione Full HD,Titolazione professionale,Color Grading professionale,Backstage completo,Versione Full HD,Titolazione professionale,Color Grading professionale,Backstage completo,Distribuzione,Motion Graphics,,,Behind the Scenes,Mini Documentario,Ottimizzazione Instagram,Social,Social,Video presentazione squadra,8 Reel,15 Reel,Social,,Backstage
Palette colori primaria,BRAND ASSETS,Brand Personality,,Comunicazione Clienti,,Backup,FAQ,,Form avanzati,Automazioni,,Google Analytics,Cover,TikTok,Reel Premium,Versione HD,Titolazione professionale,Sound Design,,Versione Web,,Sound Design,,Versione Web,,Sound Design,,Versione Web,,Sound Design,,File Master,Intro,Post-Produzione,Social,,Lifestyle Content,Ottimizzazione LinkedIn,Gestione profilo,Gestione completa,,,,Ottimizzazione profili,Social,15 Reel
Palette colori secondaria,Biglietto da visita,Archetipi,NUOVA IDENTITÀ,Comunicazione Partner,Marketing,Sicurezza avanzata,Area Download,Pagamenti,,Segmentazione clienti,,Google Tag Manager,Highlight Instagram,Behind the Scenes,TikTok,Versione Web,,Mix Audio,Post-Produzione,,Deliverables,Mix Audio,Post-Produzione,,Deliverables,Mix Audio,Post-Produzione,,Deliverables,Mix Audio,Post-Produzione,Versione YouTube,Outro,Montaggio professionale,Ottimizzazione Instagram,Social,,Bio professionale,Community Management,Community Premium,Social,Social,Social,Bio,Gestione Social,
Codici RGB,Carta intestata,Tone of Voice,Nuovo Posizionamento,Piano sostituzione materiali,Newsletter Setup,,,Stripe,Marketing,Loyalty Program,,Pixel Meta,,Mini interviste,Shorts,,Deliverables,Motion Graphics,Montaggio cinematografico,,Aftermovie,Motion Graphics,Montaggio cinematografico,,Aftermovie,Motion Graphics,Montaggio cinematografico,,Aftermovie,Motion Graphics,Montaggio cinematografico,Versione Audio,Copertina episodio,Color Grading,Ottimizzazione LinkedIn,Gestione profilo,Social,Link in Bio,Gestione messaggi,Crisis Management,Ottimizzazione profili,Gestione Social,Gestione completa,Link in Bio,Piano editoriale,Social
Codici CMYK,Firma email,Messaggi Chiave,Restyling Logo,,Form contatti,Contenuti,Funzionalità,PayPal,Newsletter,,,A/B Test,Produzione,,Podcast Clip,,Aftermovie,Logo Animation,Color Grading avanzato,,Highlight Video,Logo Animation,Color Grading avanzato,,Highlight Video,Logo Animation,Color Grading avanzato,,Highlight Video,Logo Animation,Color Grading avanzato,,,Sound Design,Bio professionale,Community Management,Gestione completa,,,,Grafiche partita,Community Management,Live Coverage,,Community,Gestione Social
Codici HEX,Template Word,Slogan,Logo System,AGGIORNAMENTO MATERIALI,Automazioni email base,Inserimento contenuti,CRM Premium,Bonifico,Recupero carrello,Analytics,,,Shooting mensile,Copywriting,Video Lifestyle,,Highlight Video,VFX base,Sound Design professionale,,Versione Social,VFX base,Sound Design professionale,,Versione Social,VFX base,Sound Design professionale,,Versione Social,VFX base,Sound Design professionale,,Distribuzione,Mix Audio,Link in Bio,Gestione messaggi,Community Premium,Contenuti,Contenuti,Contenuti,Stories Match Day,Match Coverage,Community Premium,Promozione,,Community Management
Font principale,Template Google Docs,Payoff,Nuova Palette,Biglietti,,Ottimizzazione immagini,Form avanzati,,Email automatiche,Dashboard completa,,Ottimizzazione,Reel,Caption professionali,Video Corporate,,Versione Social,Sottotitoli,Mix Audio,,Versione Web,Sottotitoli,Mix Audio,,Versione Web,Sottotitoli,Mix Audio,,Versione Web,Sottotitoli,Mix Audio,,Upload YouTube,Motion Graphics Premium,,,Crisis Management,Stories,Copywriting,Script Video,,,,Cover Release,Marketing,
Font secondario,Template PowerPoint,Manifesto,Nuova Tipografia,Carta intestata,SEO,Copy base,Area riservata,Marketing,Pixel Meta,KPI,,CRO (Conversion Rate Optimization),Carousel,Hook,UGC,,Versione Web,,Motion Graphics Premium,,,,Motion Graphics Premium,,,,Motion Graphics Premium,,,,Motion Graphics Premium,,Upload Spotify,Intro animata,Contenuti,Contenuti,,Highlights,Script Reel,Script Podcast,Contenuti,Contenuti,Contenuti,Stories,EPK,Marketing
Gerarchia tipografica,Template Google Slides,Storytelling,Nuovo Visual System,Firma Email,SEO Base,,Multi lingua,Newsletter,,Report,,Heatmap,Stories,Storytelling,Testimonial,,,Deliverables,Logo Animation,,,Deliverables,Logo Animation,,,Deliverables,Logo Animation,,,Deliverables,Logo Animation,,RSS Feed,Outro animata,Caption,Copywriting,Contenuti,,Stories,Newsletter,Stories,Copywriting,Script Video,Teaser,Press Kit,Campagna lancio
Visual Identity Base,Template Canva,,Nuovi Elementi Grafici,Presentazioni,Sitemap XML,Funzionalità,Ricerca interna,Automazioni,Blog,,,Report Conversioni,Foto,CTA avanzate,,,,Aftermovie,VFX,,,Aftermovie,VFX,,,Aftermovie,VFX,,,Aftermovie,VFX,,Thumbnail YouTube,Lower Third,Stories,Script Reel,Script Video,Consulenza,Carousel,LinkedIn Articles,Highlights,Script Reel,Script Podcast,,Media Kit,Ufficio stampa
Mini Visual System,Template Presentazione,MARKETING,,Template,Indicizzazione Google,CRM,Filtri,,Blog aziendale,SEO,,,,,Copywriting,,,Highlight Video,Sottotitoli multilingua,,,Highlight Video,Sottotitoli multilingua,,,Highlight Video,Sottotitoli multilingua,,,Highlight Video,Sottotitoli multilingua,,,Copertina episodio,Cover Highlight,Stories,Script Podcast,Call strategica iniziale,,LinkedIn Articles,Team Presentation,Stories,Newsletter,,Pitch Festival / Label,PR
Elementi grafici base,Template Preventivi,Value Proposition,AGGIORNAMENTO,Banner,Meta Title,Form avanzati,Calendario prenotazioni,SEO,,SEO Avanzata,,,Copywriting,Gestione,Script Reel,,,Teaser,,,,Teaser,,,,Teaser,,,,Teaser,,,,,,Carousel,Newsletter,,Consulenza,,Media Kit base,Carousel,LinkedIn Articles,,,Sponsor Deck
,Template Fatture,USP,Template Social,Packaging,Meta Description,Newsletter,Chat,SEO Base,Analytics,,,,Caption,Community Management,Script Video,,,Versione 16:9,Deliverables,,,Versione 16:9,Deliverables,,,Versione 16:9,Deliverables,,,Versione 16:9,Deliverables,,,Distribuzione,Consulenza,,LinkedIn Articles,,Call mensile,Consulenza,,,LinkedIn Articles,,Consulenza,Partnership Kit
SOCIAL KIT,,Elevator Pitch,Cover,Merchandising,,Automazioni email,,,Google Analytics,Performance,,,Hashtag,Risposta commenti,Storytelling,,,Versione 9:16,Aftermovie Premium,,,Versione 9:16,Aftermovie Premium,,,Versione 9:16,Aftermovie Premium,,,Versione 9:16,Aftermovie Premium,,,Upload YouTube,Call strategica iniziale,Consulenza,,,,Coaching personale,Marketing,Marketing,,,Call mensile,
Immagine profilo,SOCIAL KIT,Customer Experience,Banner,Website (Web+),Analytics,Prenotazioni (base),Marketing,Analytics,Dashboard vendite,CDN,,,CTA,Risposta messaggi,Newsletter,,,Versione 1:1,Highlight Film,,,Versione 1:1,Highlight Film,,,Versione 1:1,Highlight Film,,,Versione 1:1,Highlight Film,,,Upload Spotify,,Call mensile,Consulenza,,Marketing,Supervisione Creativa,Team Presentation,Sponsor Deck,Marketing,,,Distribuzione
Cover Facebook,Template Post,Brand Experience,Motion Logo,Social (Social+),Google Search Console,Google Maps,Funnel base,Google Analytics,,Cache,,,,Moderazione,,,,,Trailer,,,,Trailer,,,,Trailer,,,,Trailer,,,Upload Apple Podcast,,,Coaching personale,,Media Kit,Call Strategica,Media Kit base,Media Kit completo,Sponsor Management,,,Piano Spotify
Cover LinkedIn,Template Stories,Funnel consigliato,,,,,Lead Magnet,,,Speed Optimization,,,Gestione,,Community,,,,Teaser,,,,Teaser,,,,Teaser,,,,Teaser,,,Upload Amazon Music,,,Supervisione Creativa,,Presentazione Sponsor,,,Press Kit,Press Office,,,Piano YouTube
,Template Carousel,KPI iniziali,DOCUMENTAZIONE,LANCIO,Consegna,SEO,Pop-up,,,,,,Pubblicazione contenuti,Analytics,Community Management Premium,,,,Reel verticali,,,,Reel verticali,,,,Reel verticali,,,,Reel verticali,,,RSS Feed,,,Call Strategica,,,Marketing,Consulenza,,Partnership Kit,,,Piano TikTok
MOTION,Cover Facebook,Canali prioritari,Brand Guidelines,Motion Logo Premium,Accessi amministratore,SEO completo,Newsletter,,,Gestione,,,Programmazione contenuti,KPI,Gestione recensioni,,,,Versione 16:9,,,,Versione 16:9,,,,Versione 16:9,,,,Versione 16:9,,,Thumbnail personalizzata,,,,,,Media Kit,Call strategica iniziale,Consulenza,Investor Deck,,,Piano Instagram
Motion Logo Base,Cover Instagram,,Brand Manual aggiornato,Video Lancio (Video+),Manuale utilizzo base,URL ottimizzati,Automazioni,,,Hosting,,,,Report avanzato,Gestione crisi,,,,Versione 9:16,,,,Versione 9:16,,,,Versione 9:16,,,,Versione 9:16,,,,,,,,,Presentazione Sponsor,,Call mensile,,,,
,Cover LinkedIn,STRATEGIA COMUNICAZIONE,,Shooting Fotografico (Photo+),,Sitemap,Remarketing,,,Monitoraggio,,,Analytics,Analisi performance,Customer Care Social,,,,Versione 1:1,,,,Versione 1:1,,,,Versione 1:1,,,,Versione 1:1,,,,,,,,,,,,Consulenza,,,Consulenza
DELIVERABLES,Cover YouTube,Strategia Comunicativa,DELIVERABLES,Campagna Social (Social+),,Redirect,,,,Backup,,,Report mensile base,,,,,,File Master,,,,File Master,,,,File Master,,,,File Master,,,,,,,,,,,,Supervisione Creativa,,,Coaching Artistico
PNG,Banner ADV,Strategia Contenuti,File Web,Campagna Advertising (ADV+),,Robots.txt,SEO,,,,,,,,Analytics,,,,Archivio completo delle riprese,,,,Archivio completo delle riprese,,,,Archivio completo delle riprese,,,,Archivio completo delle riprese,WEB +,,,,,,,,,,,Direzione Comunicazione,,,Supervisione Creativa
JPG,,Piano Editoriale iniziale,File Stampa,Comunicato Stampa,,,SEO Avanzata,,,,,,,,Dashboard KPI,,,,Backup dei file per il cliente,,,,Backup dei file per il cliente,,,,Backup dei file per il cliente,,,,Backup dei file per il cliente,,,,,,,,,,,,Call mensile,,,Call Strategica
PDF,MOCKUP,Concept Campagne,File Sorgenti,Evento di Lancio (opzionale),,Analytics,SEO Tecnica,,,,,,,,Report dettagliato,,,,,,,,,,,,,,,,,,,,,,,,,,,,,,,
SVG,Mockup Biglietto,Piano Lancio,Cartella Rebranding,,,Google Analytics 4,SEO Locale,,,,,,,,Analisi competitor,WEB +,,,,WEB +,,,,WEB +,,,,WEB +,,,,Landing Podcast,1'500 CHF,,WEB +,,,WEB +,,,WEB +,,,WEB +,,
AI,Mockup Insegna,,,SUPERVISIONE,,Pixel Meta,Schema.org,,,,,,,,Piano miglioramento,,,,,,,,,,,,,,,,,Sito Podcast,3'500 CHF,,,,,,,,,,,,,
EPS,Mockup Packaging,DIREZIONE CREATIVA,,Supervisione Creativa,,,Core Web Vitals,,,,,,,,,,,,,,,,,,,,,,,,,Archivio Episodi,1'000 CHF,"(piu il podcast è famoso e + si spende di banda, (percio il prezzo puo salire visto che bisogna pagarla)",,,,,,,,,,,,
File Web,Mockup Merchandising,Moodboard,,Controllo Coerenza,,Legale,,,,,,,,,Consulenza,Landing Page evento,1'500 CHF,,,Landing Page evento,1'500 CHF,,,Landing Page evento,1'500 CHF,,,Landing Page evento,1'500 CHF,,,Blog Podcast,1'500 CHF,,Landing Web,1'500 CHF,,Landing Web,1'500 CHF,,Landing Web,1'500 CHF,,Landing Web,1'500 CHF,
File Stampa,Mockup Veicolo,Direzione Artistica,,Controllo Materiali,,Cookie Banner,Analytics,,,,,,,,Call mensile,Sito evento,3'000 CHF,,,Sito evento,3'500 CHF,,,Sito evento,3'500 CHF,,,Sito evento,3'500 CHF,,,Newsletter,500 CHF,,Complex Web,3'500 CHF,,Complex Web,3'500 CHF,,Complex Web,3'500 CHF,,Complex Web,3'500 CHF,
File Vettoriali,Mockup Social,Supervisione Creativa,,Ottimizzazioni,,Privacy Policy,Google Analytics 4,,,,,,,,Consulenza Strategica,Pagina iscrizioni,500 CHF,,,Pagina iscrizioni,500 CHF,,,Pagina iscrizioni,700 CHF,,,Pagina iscrizioni,500 CHF,,,SEO Podcast,1'000 CHF,,Blog,1'500 CHF,,Blog,1'500 CHF,,Blog,1'500 CHF,,Blog,1'500 CHF,
Logo Kit,Mockup Professionali,Consulenza Creativa,,Supporto 30 giorni,,,Google Tag Manager,,,,,,,,Supervisione Creativa,Pagina sponsor,500 CHF,,,Pagina sponsor,500 CHF,,,Pagina sponsor,500 CHF,,,Pagina sponsor,500 CHF,,,Area Premium,2'000 CHF,,Newsletter,500 CHF,,Newsletter,500 CHF,,Newsletter,500 CHF,,Newsletter,500 CHF,
Mini guida utilizzo logo (3-5 pagine),,Linea Fotografica,,Supporto 60 giorni (opzionale),,Consegna,Pixel Meta,,,,,,,,,Programma online,500 CHF,,,Programma online,500 CHF,,,Programma online,500 CHF,,,Programma online,500 CHF,,,CRM,1'500 CHF,,SEO,1'000 CHF,,SEO,1'000 CHF,,SEO,1'000 CHF,,SEO,1'000 CHF,
,DOCUMENTAZIONE,Linea Video,,Supporto 90 giorni (opzionale),,Manuale utilizzo,Heatmap,,,,,,,,,Form iscrizione,500 CHF,,,Form iscrizione,500 CHF,,,Form iscrizione,500 CHF,,,Form iscrizione,500 CHF,,,,,,Area Premium,2'000 CHF,,Area Premium,2'000 CHF,,Area Premium,2'000 CHF,,Area Premium,2'000 CHF,
,Brand Guidelines,Linea Motion,,,,Video tutorial,Dashboard,,,,,,,,,Biglietteria online,2'500 CHF,,,Biglietteria online,2'500 CHF,,,Biglietteria online,2'500 CHF,,,Biglietteria online,2'500 CHF,,,,,,CRM,1'500 CHF,,CRM,1'500 CHF,,CRM,1'500 CHF,,CRM,1'500 CHF,
,Brand Manual (10-20 pagine),Linea ADV,,DELIVERABLES,,Accessi completi,,,,,,,,,,Accrediti stampa,500 CHF,,,Accrediti stampa,500 CHF,,,Accrediti stampa,500 CHF,,,Accrediti stampa,500 CHF,,,,,,,,,,,,,,,,,
,Regole utilizzo Logo,,,Archivio finale organizzato,,,Performance,,,,,,,,,Gallery post-evento,700 CHF,,,Gallery post-evento,700 CHF,,,Gallery post-evento,700 CHF,,,Gallery post-evento,700 CHF,,,SOCIAL +,,,,,,,,,,,,,,
,Regole colori,MATERIALE CORPORATE,,Backup Cloud,,,CDN,,,,,,,,,Area Download Media,500 CHF,,,Area Download Media,500 CHF,,,Area Download Media,500 CHF,,,Area Download Media,500 CHF,,,,,,,,,,,,,,,,,
,Regole tipografia,Presentazione Aziendale,,Documentazione completa,,,Cache,Video +,,,Video +,,LINKEDIN +,,,Streaming integrato,2'500 CHF,,,Streaming integrato,2'500 CHF,,,Streaming integrato,2'500 CHF,,,Streaming integrato,2'500 CHF,,,,,,,,,,,,,,,,,
,Regole utilizzo elementi grafici,Pitch Deck,,Piano di manutenzione del Brand,,,Ottimizzazione immagini,,,,,,,,,,,,,,,,,,,,,,,,,Calendario pubblicazioni,500 CHF,,SOCIAL +,,,SOCIAL +,,,SOCIAL +,,,SOCIAL +,,
,Regole Social,Company Profile,,,,,Lazy Loading,,,,,,,,,,,,,,,,,,,,,,,,,Gestione YouTube,700 CHF/mese,,,,,,,,,,,,,
,,Kit Commerciale,,,,,Speed Optimization,Shooting prodotti,Tutto Start +,Tutto Pro +,VIDEO +,PHOTO + ,Ottimizzazione Profilo,400 CHF,,,,,,,,,,,,,,,,,,Gestione Instagram,700 CHF/mese,,,,,,,,,,,,,
,MOTION,Applicazioni Brand,,,,,,Fondo bianco,Color Grading accurato,Illuminotecnica professionale,Hero Video,Shooting dedicato,Profilo Aziendale,700 CHF,,SOCIAL +,,,,SOCIAL +,,,,SOCIAL +,,,,SOCIAL +,,,,Gestione Spotify,400 CHF/mese,,Calendario pubblicazioni,500 CHF,,Calendario pubblicazioni,500 CHF,,Calendario pubblicazioni,500 CHF,,Calendario pubblicazioni,500 CHF,
,Motion Logo Premium,,,,,,Gestione,Color Correction base,Ritocco professionale,Set fotografico dedicato,Video Prodotto,Foto prodotto,Piano Editoriale,600 CHF,,,,,,,,,,,,,,,,,,Grafiche Stories,300 CHF,,Gestione YouTube,700 CHF/mese,,Gestione YouTube,700 CHF/mese,,Gestione YouTube,700 CHF/mese,,Gestione YouTube,700 CHF/mese,
,,DOCUMENTAZIONE,,,,,Gestione Hosting,Esportazione Web,Scontorno prodotti,Foto ambientate (Lifestyle),Video Servizio,Foto ambiente,Gestione LinkedIn,900 CHF/mese,,,,,,,,,,,,,,,,,,Copertine Reel,250 CHF,,Gestione Instagram,700 CHF/mese,,Gestione Instagram,700 CHF/mese,,Gestione Instagram,700 CHF/mese,,Gestione Instagram,700 CHF/mese,
,DELIVERABLES,Brand Manual completo (30-50 pagine),,,,,Monitoraggio,JPG HD,Ombre realistiche,Dettagli macro,Video Testimonial,Color Grading,Personal Branding CEO,1'500 CHF/mese,,Strategia,,,,Strategia,,,,Strategia,,,,Strategia,,,,1 Reel promozionale,300 CHF,,Gestione Spotify,400 CHF/mese,,Gestione Spotify,400 CHF/mese,,Gestione Spotify,400 CHF/mese,,Gestione Spotify,400 CHF/mese,
,Tutti i file sorgenti,,,,,,Backup automatici,,Compressione Web,Foto 360° (se richieste),Montaggio,Ritocco,Lead Generation,da 1'500 CHF,,Piano editoriale evento,700 CHF,,,Piano editoriale evento,700 CHF,,,Piano editoriale evento,700 CHF,,,Piano editoriale evento,700 CHF,,,Pacchetto 3 Reel,800 CHF,,Grafiche Stories,300 CHF,,Grafiche Stories,300 CHF,,Grafiche Stories,300 CHF,,Grafiche Stories,300 CHF,
,Cartella Brand organizzata,PIANIFICAZIONE,,,,,,,Versione alta risoluzione,Ottimizzazione e-commerce,Color Grading,,Employer Branding,da 2'500 CHF,,Piano pubblicazione,500 CHF,,,Piano pubblicazione,500 CHF,,,Piano pubblicazione,500 CHF,,,Piano pubblicazione,500 CHF,,,Pacchetto 5 Reel,1'250 CHF,,Copertine Reel,250 CHF,,Copertine Reel,250 CHF,,Copertine Reel,250 CHF,,Copertine Reel,250 CHF,
,Archivio Cloud,Piano evoluzione Brand (12 mesi),,,,,Consegna,,,Archivio organizzato,,,,,,Strategia lancio,900 CHF,,,Strategia lancio,900 CHF,,,Strategia lancio,900 CHF,,,Strategia lancio,900 CHF,,,Shorts YouTube,250 CHF cad.,,1 Reel promozionale,300 CHF,,1 Reel promozionale,300 CHF,,1 Reel promozionale,300 CHF,,1 Reel promozionale,300 CHF,
,,Roadmap comunicativa,,,,,Manuale completo,,,Backup Cloud,,,,,,,,,,,,,,,,,,,,,,Carousel,300 CHF,,Pacchetto 3 Reel,800 CHF,,Pacchetto 3 Reel,800 CHF,,Pacchetto 3 Reel,800 CHF,,Pacchetto 3 Reel,800 CHF,
,,Roadmap marketing,,,,,Video tutorial,,,,,,,,,Produzione,,,,Produzione,,,,Produzione,,,,Produzione,,,,,,,Pacchetto 5 Reel,1'250 CHF,,Pacchetto 5 Reel,1'250 CHF,,Pacchetto 5 Reel,1'250 CHF,,Pacchetto 5 Reel,1'250 CHF,
,,,,,,,Documentazione tecnica,Photo+ Start — da 500 CHF,Photo+ Premium — da 1'800 CHF,Photo+ Pro — da 900 CHF,Da 1'500 CHF,Da 900 CHF,,,,Reel aggiuntivi,1'500 CHF,,,Reel aggiuntivi,1'500 CHF,,,Reel aggiuntivi,1'500 CHF,,,Reel aggiuntivi,1'500 CHF,,,,,,Shorts YouTube,250 CHF cad.,,Shorts YouTube,250 CHF cad.,,Shorts YouTube,250 CHF cad.,,Shorts YouTube,250 CHF cad.,
,,DELIVERABLES,,,Add-on,,,Abbonamento ,Abbonamento ,Abbonamento ,AI +,,AI +,,,Stories live,900 CHF,,,Stories live,900 CHF,,,Stories live,900 CHF,,,Stories live,900 CHF,,,,,,Carousel,300 CHF,,Carousel,300 CHF,,Carousel,300 CHF,,Carousel,300 CHF,
,,Archivio completo,,,,,,,,,,,,,,Backstage,1'200 CHF,,,Backstage,1'200 CHF,,,Backstage,1'200 CHF,,,Backstage,1'200 CHF,,,AI +,,,AI +,,,AI +,,,AI +,,,AI +,,
,,Backup Cloud,,,,,,,,,,,,,,Interviste,400 CHF,,,Interviste,400 CHF,,,Interviste,400 CHF,,,Interviste,400 CHF,,,,,,,,,,,,,,,,,
,,Video tutorial utilizzo brand,,,Blog,1'000 CHF,,4'000 – 7'000 CHF,8'000 – 14'000,15'000 – 30'000,AI Images,400 CHF,AI Images,400 CHF,,Contenuti sponsor,300 CHF / Reel,,,Contenuti sponsor,300 CHF / Reel,,,Contenuti sponsor,300 CHF / Reel,,,Contenuti sponsor,300 CHF / Reel,,,,,,,,,,,,,,,,,
1'500 - 3'000 CHF,3'500 - 7'000 CHF,8'000 - 18'000 CHF,5'000 - 12'000 CHF,12'000 - 30'000 CHF,Blog avanzato,1'500 CHF,,,,,AI Ads,600 CHF,AI Ads,600 CHF,,Contenuti speaker,1'200 CHF,,,Contenuti speaker,1'200 CHF,,,Contenuti speaker,1'200 CHF,,,Contenuti speaker,1'200 CHF,,,AI Intro Video,500 CHF,,AI Intro Video,500 CHF,,AI Intro Video,500 CHF,,AI Intro Video,500 CHF,,AI Intro Video,500 CHF,
,,,,,Area riservata,2'000 CHF,,,,,AI Copy,500 CHF,AI Carousel,500 CHF,,Contenuti espositori,1'800 CHF,,,Contenuti espositori,1'800 CHF,,,Contenuti espositori,1'800 CHF,,,Contenuti espositori,1'800 CHF,,,AI Outro,300 CHF,,AI Outro,300 CHF,,AI Outro,300 CHF,,AI Outro,300 CHF,,AI Outro,300 CHF,
,,,,,Prenotazioni,1'500 CHF,,,,,AI Video,900 CHF,AI Video,900 CHF,,,2'500 CHF,,,,2'500 CHF,,,,2'500 CHF,,,,2'500 CHF,,,AI Voice Over,300 CHF,,AI Voice Over,300 CHF,,AI Voice Over,300 CHF,,AI Voice Over,300 CHF,,AI Voice Over,300 CHF,
,,,,,CRM,1'500 CHF,,,,,AI Voice,300 CHF,AI Voice,300 CHF,,Gestione,,,,Gestione,,,,Gestione,,,,Gestione,,,,AI Avatar Host,800 CHF,,AI Avatar Host,800 CHF,,AI Avatar Host,800 CHF,,AI Avatar Host,800 CHF,,AI Avatar Host,800 CHF,
,,,,,CRM Premium,2'500 CHF,,,,,,,,,,Gestione account durante l'evento,600 CHF,,,Gestione account durante l'evento,600 CHF,,,Gestione account durante l'evento,600 CHF,,,Gestione account durante l'evento,600 CHF,,,AI Clip automatiche,500 CHF,,AI Clip automatiche,500 CHF,,AI Clip automatiche,500 CHF,,AI Clip automatiche,500 CHF,,AI Clip automatiche,500 CHF,
,,,,,Multilingua,500 CHF / lingua,,,,,Da 500 CHF,,,,,Community Management,400 CHF cad.,,,Community Management,400 CHF cad.,,,Community Management,400 CHF cad.,,,Community Management,400 CHF cad.,,,AI Sottotitoli,250 CHF,,AI Sottotitoli,250 CHF,,AI Sottotitoli,250 CHF,,AI Sottotitoli,250 CHF,,AI Sottotitoli,250 CHF,
,,,,,Area download,500 CHF,,,,,Design + ,,,,,Moderazione commenti,600 CHF,,,Moderazione commenti,600 CHF,,,Moderazione commenti,600 CHF,,,Moderazione commenti,600 CHF,,,AI Traduzioni,300 CHF,,AI Traduzioni,300 CHF,,AI Traduzioni,300 CHF,,AI Traduzioni,300 CHF,,AI Traduzioni,300 CHF,
,,,,,Chat Live,1'000 CHF,,,,,,,,,,Copertura live,600 CHF,,,Copertura live,600 CHF,,,Copertura live,600 CHF,,,Copertura live,600 CHF,,,AI Repurposing,700 CHF,,AI Repurposing,700 CHF,,AI Repurposing,700 CHF,,AI Repurposing,700 CHF,,AI Repurposing,700 CHF,
,,,,,WhatsApp Business,300 CHF,,,,,,,,,,,600 CHF,,,,600 CHF,,,,600 CHF,,,,600 CHF,,,AI Thumbnail,300 CHF,,AI Thumbnail,300 CHF,,AI Thumbnail,300 CHF,,AI Thumbnail,300 CHF,,AI Thumbnail,300 CHF,
,,,,,Google Maps,200 CHF,,,,,Grafica personalizzata,,,,,Post Evento,,,,Post Evento,,,,Post Evento,,,,Post Evento,,,,AI Trailer Podcast,700 CHF,,,,,,,,,,,,,
,,,,,Pixel Meta,250 CHF,,,,,Icone,,MERCH +,,,Recap Social,700 CHF,,,Recap Social,700 CHF,,,Recap Social,700 CHF,,,Recap Social,700 CHF,,,,,,,,,,,,,,,,,
,,,,,Google Analytics,300 CHF,,,,,Infografiche,,,,,Carousel fotografici,300 CHF,,,Carousel fotografici,300 CHF,,,Carousel fotografici,300 CHF,,,Carousel fotografici,300 CHF,,,MERCH +,,,MERCH +,,,MERCH +,,,MERCH +,,,MERCH +,,
,,,,,Google Tag Manager,500 CHF,,,,,Illustrazioni,,,,,Ringraziamenti,800 CHF,,,Ringraziamenti,800 CHF,,,Ringraziamenti,800 CHF,,,Highlight Reel,800 CHF,,,,,,,,,,,,,,,,,
,,,,,Dashboard KPI,800 CHF,,,,,Mockup,,Magliette,500 CHF,,Highlight Reel,,,,Highlight Reel,,,,Highlight Reel,,,,,,,,,,,,,,,,,,,,,,
,,,,,Automazioni,da 800 CHF,,,,,,,Felpe,600 CHF,,,,,,,,,,,,,,,,,,Magliette,500 CHF,,Magliette,500 CHF,,Magliette,500 CHF,,Magliette,500 CHF,,Magliette,500 CHF,
,,,,,Newsletter Setup,600 CHF,,,,,Da 500 CHF,,Cappellini,400 CHF,,,,,,,,,,,,,,,,,,Felpe,600 CHF,,Felpe,600 CHF,,Felpe,600 CHF,,Felpe,600 CHF,,Felpe,600 CHF,
,,,,,Email Marketing,da 900 CHF,,,,,Abbonamento ,Abbonamento ,Shopper,400 CHF,,,,,,,,,,,,,,,,,,Cappellini,400 CHF,,Cappellini,400 CHF,,Cappellini,400 CHF,,Cappellini,400 CHF,,Cappellini,400 CHF,
,,,,,Funnel,da 2'500 CHF,,,,,,,Packaging,900 CHF,,AI +,,,,AI +,,,,AI +,,,,AI +,,,,Shopper,400 CHF,,Shopper,400 CHF,,Shopper,400 CHF,,Shopper,400 CHF,,Shopper,400 CHF,
,,,,,,,,,,,,,Roll-up,450 CHF,,,,,,,,,,,,,,,,,,Packaging,900 CHF,,Packaging,900 CHF,,Packaging,900 CHF,,Packaging,900 CHF,,Packaging,900 CHF,
,,,,,Abbonamento ,Abbonamento ,Abbonamento ,,,,1'000 – 2'500,3'000 – 6'500,Banner,300 CHF,,,,,,,,,,,,,,,,,,Roll-up,450 CHF,,Roll-up,450 CHF,,Roll-up,450 CHF,,Roll-up,450 CHF,,Roll-up,450 CHF,
,,,,,,,,,,,,,Gadget,600 CHF,,AI Poster evento,500 CHF,,,AI Poster evento,500 CHF,,,AI Poster evento,500 CHF,,,AI Poster evento,500 CHF,,,Banner,300 CHF,,Banner,300 CHF,,Banner,300 CHF,,Banner,300 CHF,,Banner,300 CHF,
,,,,,,,,,,,,,Kit completo,da 2'500 CHF,,AI Visual campagne,700 CHF,,,AI Visual campagne,700 CHF,,,AI Visual campagne,700 CHF,,,AI Visual campagne,700 CHF,,,Gadget,600 CHF,,Gadget,600 CHF,,Gadget,600 CHF,,Gadget,600 CHF,,Gadget,600 CHF,
,,,,,1'500 – 3'500 CHF,3'500 – 5'000 CHF,5'000 – 10'000 CHF,,,,,,,,,AI Trailer,900 CHF,,,AI Trailer,900 CHF,,,AI Trailer,900 CHF,,,AI Trailer,900 CHF,,,Lanyard,400 CHF,,Lanyard,400 CHF,,Lanyard,400 CHF,,Lanyard,400 CHF,,Lanyard,400 CHF,
,,,,,,,,,,,,,,,,AI Reel,400 CHF,,,AI Reel,400 CHF,,,AI Reel,400 CHF,,,AI Reel,400 CHF,,,Badge personalizzati,350 CHF,,Badge personalizzati,350 CHF,,Badge personalizzati,350 CHF,,Badge personalizzati,350 CHF,,Badge personalizzati,350 CHF,
,,,,,,,,,,,,,,,,AI Voice Over,300 CHF,,,AI Voice Over,300 CHF,,,AI Voice Over,300 CHF,,,AI Voice Over,300 CHF,,,Braccialetti,300 CHF,,Braccialetti,300 CHF,,Braccialetti,300 CHF,,Braccialetti,300 CHF,,Braccialetti,300 CHF,
,,,,,,,,,,,,,,,,AI Avatar Presentatore,800 CHF,,,AI Avatar Presentatore,800 CHF,,,AI Avatar Presentatore,800 CHF,,,AI Avatar presentatore,800 CHF,,,Totem,900 CHF,,Totem,900 CHF,,Totem,900 CHF,,Totem,900 CHF,,Totem,900 CHF,
,,,,,,,,,,,,,,,,AI Traduzioni,300 CHF,,,AI Traduzioni,300 CHF,,,AI Traduzioni,300 CHF,,,AI Traduzioni,300 CHF,,,Bandiere,700 CHF,,Bandiere,700 CHF,,Bandiere,700 CHF,,Bandiere,700 CHF,,Bandiere,700 CHF,
,,,,,,,,,,,,,,,,AI Sottotitoli,250 CHF,,,AI Sottotitoli,250 CHF,,,AI Sottotitoli,250 CHF,,,AI Sottotitoli,250 CHF,,,Gift Bag,900 CHF,,Gift Bag,900 CHF,,Gift Bag,900 CHF,,Gift Bag,900 CHF,,Gift Bag,900 CHF,
,,,,,,,,,,,,,WEB +,,,AI Repurposing contenuti,700 CHF,,,AI Repurposing contenuti,700 CHF,,,AI Repurposing contenuti,700 CHF,,,AI Repurposing contenuti,700 CHF,,,Kit completo,da 2'500 CHF,,Kit completo,da 2'500 CHF,,Kit completo,da 2'500 CHF,,Kit completo,da 2'500 CHF,,Kit completo,da 2'500 CHF,
,,,,,,,,,,,,,,,,AI Clip automatiche,500 CHF,,,AI Clip automatiche,500 CHF,,,AI Clip automatiche,500 CHF,,,AI Clip automatiche,500 CHF,,,700 – 1'200 CHF / episodio,1'300 – 2'500 CHF / episodio,2'800 – 5'000 CHF / episodio,900-1'800 CHF/mese,2'000-3'500 CHF/mese,2'000-3'500 CHF/mese,900-1'500 CHF/mese,2'000-4'000 CHF/mese,4'500-9'000 CHF/mese,2'000 – 3'500 CHF/mese,4'500 – 7'000 CHF/mese,8'000 – 15'000 CHF/mese,1'200 – 2'000 CHF/mese,2'800 – 5'000 CHF/mese,6'000 – 12'000 CHF/mese
,,,,,,,,,,,,,,,,AI Foto Enhancement,300 CHF,,,AI Foto Enhancement,300 CHF,,,AI Foto Enhancement,300 CHF,,,AI Foto enhancement,300 CHF,,,,,,,,,,,,,,,,,
,,,,,,,,,,,,,Landing Page,1'500 CHF,,AI Video Upscaling,500 CHF,,,AI Video Upscaling,500 CHF,,,AI Video Upscaling,500 CHF,,,AI Video Upscaling,500 CHF,,,4 episodi ,4 episodi ,4 episodi ,,,,,,,,,,,,
,,,,,,,,,,,,,Website,2'500 CHF circa,,,,,,,,,,,,,,,,,,700 – 1'200 CHF / episodio,1'300 – 2'500 CHF / episodio,2'800 – 5'000 CHF / episodio,,,,,,,,,,,,
,,,,,,,,,,,,,Website Premium,5'000 CHF circa,,,,,,,,,,,,,,,,,,,,,,,,,,,,,,,,
,,,,,,,,,,,,,Funnel,2'500 CHF,,,,,,,,,,,,,,,,,,,,,,,,,,,,,,,,
,,,,,,,,,,,,,SEO,1'000 CHF,,MERCH +,,,,MERCH +,,,,MERCH +,,,,MERCH +,,,,,,,,,,,,,,,,,,
,,,,,,,,,,,,,CRM,2'000 CHF,,,,,,,,,,,,,,,,,,,,,,,,,,,,,,,,
,,,,,,,,,,,,,Newsletter,500 CHF,,,,,,,,,,,,,,,,,,,,,,,,,,,,,,,,
,,,,,,,,,,,,,Automazioni,1'000 CHF,,Magliette,500 CHF,,,Magliette,500 CHF,,,Magliette,500 CHF,,,Magliette,500 CHF,,,,,,,,,,,,,,,,,
,,,,,,,,,,,,,,,,Felpe,600 CHF,,,Felpe,600 CHF,,,Felpe,600 CHF,,,Felpe,600 CHF,,,,,,,,,,,,,,,,,
,,,,,,,,,,,,,,,,Cappellini,400 CHF,,,Cappellini,400 CHF,,,Cappellini,400 CHF,,,Cappellini,400 CHF,,,,,,,,,,,,,,,,,
,,,,,,,,,,,,,,,,Shopper,400 CHF,,,Shopper,400 CHF,,,Shopper,400 CHF,,,Shopper,400 CHF,,,,,,,,,,,,,,,,,
,,,,,,,,,,,,,,,,Packaging,900 CHF,,,Packaging,900 CHF,,,Packaging,900 CHF,,,Packaging,900 CHF,,,,,,,,,,,,,,,,,
,,,,,,,,,,,,,,,,Roll-up,450 CHF,,,Roll-up,450 CHF,,,Roll-up,450 CHF,,,Roll-up,450 CHF,,,,,,,,,,,,,,,,,
,,,,,,,,,,,,,,,,Banner,300 CHF,,,Banner,300 CHF,,,Banner,300 CHF,,,Banner,300 CHF,,,,,,,,,,,,,,,,,
,,,,,,,,,,,,,,,,Gadget,600 CHF,,,Gadget,600 CHF,,,Gadget,600 CHF,,,Gadget,600 CHF,,,,,,,,,,,,,,,,,
,,,,,,,,,,,,,Abbonamento ,Abbonamento ,Abbonamento ,Lanyard,400 CHF,,,Lanyard,400 CHF,,,Lanyard,400 CHF,,,Lanyard,400 CHF,,,,,,,,,,,,,,,,,
,,,,,,,,,,,,,,,,Badge personalizzati,350 CHF,,,Badge personalizzati,350 CHF,,,Badge personalizzati,350 CHF,,,Badge personalizzati,350 CHF,,,,,,,,,,,,,,,,,
,,,,,,,,,,,,,,,,Braccialetti,300 CHF,,,Braccialetti,300 CHF,,,Braccialetti,300 CHF,,,Braccialetti,300 CHF,,,,,,,,,,,,,,,,,
,,,,,,,,,,,,,900 - 1'800 CHF/mese,2'000 - 3'500 CHF/mese,4'000 - 8'000 CHF/mese,Totem,900 CHF,,,Totem,900 CHF,,,Totem,900 CHF,,,Totem,900 CHF,,,,,,,,,,,,,,,,,
,,,,,,,,,,,,,,,,Bandiere,700 CHF,,,Bandiere,700 CHF,,,Bandiere,700 CHF,,,Bandiere,700 CHF,,,,,,,,,,,,,,,,,
,,,,,,,,,,,,,,,,Gift Bag,900 CHF,,,Gift Bag,900 CHF,,,Gift Bag,900 CHF,,,Gift Bag,900 CHF,,,,,,,,,,,,,,,,,
,,,,,,,,,,,,,,,,Kit completo,da 2'500 CHF,,,Kit completo,da 2'500 CHF,,,Kit completo,da 2'500 CHF,,,Kit completo,da 2'500 CHF,,,,,,,,,,,,,,,,,
,,,,,,,,,,,,,,,,,,,,,,,,,,,,,,,,,,,,,,,,,,,,,,
,,,,,,,,,,,,,,,,,,,,,,,,,,,,,,,,,,,,,,,,,,,,,,
,,,,,,,,,,,,,,,,GRAPHICS +,,,,GRAPHICS +,,,,GRAPHICS +,,,,GRAPHICS +,,,,,,,,,,,,,,,,,,
,,,,,,,,,,,,,,,,,,,,,,,,,,,,,,,,,,,,,,,,,,,,,,
,,,,,,,,,,,,,,,,,,,,,,,,,,,,,,,,,,,,,,,,,,,,,,
,,,,,,,,,,,,,,,,Comunicazione,,,,Comunicazione,,,,Comunicazione,,,,Comunicazione,,,,,,,,,,,,,,,,,,
,,,,,,,,,,,,,,,,Logo evento,800 CHF,,,Logo evento,800 CHF,,,Logo evento,800 CHF,,,Logo evento,800 CHF,,,,,,,,,,,,,,,,,
,,,,,,,,,,,,,,,,Identità grafica evento,2'000 CHF,,,Identità grafica evento,2'000 CHF,,,Identità grafica evento,2'000 CHF,,,Identità grafica evento,2'000 CHF,,,,,,,,,,,,,,,,,
,,,,,,,,,,,,,,,,Brand Kit evento,1'500 CHF,,,Brand Kit evento,1'500 CHF,,,Brand Kit evento,1'500 CHF,,,Brand Kit evento,1'500 CHF,,,,,,,,,,,,,,,,,
,,,,,,,,,,,,,,,,,400 CHF,,,,400 CHF,,,,400 CHF,,,,400 CHF,,,,,,,,,,,,,,,,,
,,,,,,,,,,,,,,,,Promozione,,,,Promozione,,,,Promozione,,,,Promozione,,,,,,,,,,,,,,,,,,
,,,,,,,,,,,,,,,,Locandina,500 CHF,,,Locandina,500 CHF,,,Locandina,500 CHF,,,Locandina,500 CHF,,,,,,,,,,,,,,,,,
,,,,,,,,,,,,,,,,Flyer,350 CHF,,,Flyer,350 CHF,,,Flyer,350 CHF,,,Flyer,350 CHF,,,,,,,,,,,,,,,,,
,,,,,,,,,,,,,,,,Manifesto,450 CHF,,,Manifesto,450 CHF,,,Manifesto,450 CHF,,,Manifesto,450 CHF,,,,,,,,,,,,,,,,,
,,,,,,,,,,,,,,,,Banner Web,250 CHF,,,Banner Web,250 CHF,,,Banner Web,250 CHF,,,Banner Web,250 CHF,,,,,,,,,,,,,,,,,
,,,,,,,,,,,,,,,,Banner Stampa,350 CHF,,,Banner Stampa,350 CHF,,,Banner Stampa,350 CHF,,,Banner Stampa,350 CHF,,,,,,,,,,,,,,,,,
,,,,,,,,,,,,,,,,ADV Social,300 CHF,,,ADV Social,300 CHF,,,ADV Social,300 CHF,,,ADV Social,300 CHF,,,,,,,,,,,,,,,,,
,,,,,,,,,,,,,,,,,900 CHF,,,,900 CHF,,,,900 CHF,,,,900 CHF,,,,,,,,,,,,,,,,,
,,,,,,,,,,,,,,,,Social,,,,Social,,,,Social,,,,Social,,,,,,,,,,,,,,,,,,
,,,,,,,,,,,,,,,,Template Post,250 CHF,,,Template Post,250 CHF,,,Template Post,250 CHF,,,Template Post,250 CHF,,,,,,,,,,,,,,,,,
,,,,,,,,,,,,,,,,Template Stories,250 CHF,,,Template Stories,250 CHF,,,Template Stories,250 CHF,,,Template Stories,250 CHF,,,,,,,,,,,,,,,,,
,,,,,,,,,,,,,,,,Carousel,300 CHF,,,Carousel,300 CHF,,,Carousel,300 CHF,,,Carousel,300 CHF,,,,,,,,,,,,,,,,,
,,,,,,,,,,,,,,,,Countdown,200 CHF,,,Countdown,200 CHF,,,Countdown,200 CHF,,,Countdown,200 CHF,,,,,,,,,,,,,,,,,
,,,,,,,,,,,,,,,,Speaker Card,250 CHF,,,Speaker Card,250 CHF,,,Speaker Card,250 CHF,,,Speaker Card,250 CHF,,,,,,,,,,,,,,,,,
,,,,,,,,,,,,,,,,Sponsor Card,250 CHF,,,Sponsor Card,250 CHF,,,Sponsor Card,250 CHF,,,Sponsor Card,250 CHF,,,,,,,,,,,,,,,,,
,,,,,,,,,,,,,,,,,,,,,,,,,,,,,,,,,,,,,,,,,,,,,,
,,,,,,,,,,,,,,,,Evento,,,,Evento,,,,Evento,,,,Evento,,,,,,,,,,,,,,,,,,
,,,,,,,,,,,,,,,,Accrediti,300 CHF,,,Accrediti,300 CHF,,,Accrediti,300 CHF,,,Accrediti,300 CHF,,,,,,,,,,,,,,,,,
,,,,,,,,,,,,,,,,Badge,300 CHF,,,Badge,300 CHF,,,Badge,300 CHF,,,Badge,300 CHF,,,,,,,,,,,,,,,,,
,,,,,,,,,,,,,,,,Pass Staff,250 CHF,,,Pass Staff,250 CHF,,,Pass Staff,250 CHF,,,Pass Staff,250 CHF,,,,,,,,,,,,,,,,,
,,,,,,,,,,,,,,,,Pass VIP,300 CHF,,,Pass VIP,300 CHF,,,Pass VIP,300 CHF,,,Pass VIP,300 CHF,,,,,,,,,,,,,,,,,
,,,,,,,,,,,,,,,,Programma evento,500 CHF,,,Programma evento,500 CHF,,,Programma evento,500 CHF,,,Programma evento,500 CHF,,,,,,,,,,,,,,,,,
,,,,,,,,,,,,,,,,Mappa evento,400 CHF,,,Mappa evento,400 CHF,,,Mappa evento,400 CHF,,,Mappa evento,400 CHF,,,,,,,,,,,,,,,,,
,,,,,,,,,,,,,,,,Segnaletica,700 CHF,,,Segnaletica,700 CHF,,,Segnaletica,700 CHF,,,Segnaletica,700 CHF,,,,,,,,,,,,,,,,,
,,,,,,,,,,,,,,,,Totem,500 CHF,,,Totem,500 CHF,,,Totem,500 CHF,,,Totem,500 CHF,,,,,,,,,,,,,,,,,
,,,,,,,,,,,,,,,,Slide palco,600 CHF,,,Slide palco,600 CHF,,,Slide palco,600 CHF,,,Slide palco,600 CHF,,,,,,,,,,,,,,,,,
,,,,,,,,,,,,,,,,Grafiche LED Wall,900 CHF,,,Grafiche LED Wall,900 CHF,,,Grafiche LED Wall,900 CHF,,,Grafiche LED Wall,900 CHF,,,,,,,,,,,,,,,,,
,,,,,,,,,,,,,,,,Overlay Streaming,800 CHF,,,Overlay Streaming,800 CHF,,,Overlay Streaming,800 CHF,,,Overlay Streaming,800 CHF,,,,,,,,,,,,,,,,,
,,,,,,,,,,,,,,,,,,,,,,,,,,,,,,,,,,,,,,,,,,,,,,
,,,,,,,,,,,,,,,,Post Evento,,,,Post Evento,,,,Post Evento,,,,Post Evento,,,,,,,,,,,,,,,,,,
,,,,,,,,,,,,,,,,Report grafico,600 CHF,,,Report grafico,600 CHF,,,Report grafico,600 CHF,,,Report grafico,600 CHF,,,,,,,,,,,,,,,,,
,,,,,,,,,,,,,,,,Album fotografico,700 CHF,,,Album fotografico,700 CHF,,,Album fotografico,700 CHF,,,Album fotografico,700 CHF,,,,,,,,,,,,,,,,,
,,,,,,,,,,,,,,,,Ringraziamenti sponsor,300 CHF,,,Ringraziamenti sponsor,300 CHF,,,Ringraziamenti sponsor,300 CHF,,,Ringraziamenti sponsor,300 CHF,,,,,,,,,,,,,,,,,
,,,,,,,,,,,,,,,,Certificati partecipazione,250 CHF,,,Certificati partecipazione,250 CHF,,,Certificati partecipazione,250 CHF,,,Certificati partecipazione,250 CHF,,,,,,,,,,,,,,,,,
,,,,,,,,,,,,,,,,,,,,,,,,,,,,,,,,,,,,,,,,,,,,,,
,,,,,,,,,,,,,,,,,,,,,,,,,,,,,,,,,,,,,,,,,,,,,,
,,,,,,,,,,,,,,,,,,,,,,,,,,,,,,,,,,,,,,,,,,,,,,
,,,,,,,,,,,,,,,,,,,,,,,,,,,,,,,,,,,,,,,,,,,,,,
,,,,,,,,,,,,,,,,,,,,,,,,,,,,,,,,,,,,,,,,,,,,,,
,,,,,,,,,,,,,,,,900 – 1'500 CHF,1'800 – 3'000 CHF,3'500 – 6'500 CHF,7'000 – 15'000 CHF,900 – 1'500 CHF,1'800 – 3'000 CHF,3'500 – 6'500 CHF,7'000 – 15'000 CHF,900 – 1'500 CHF,1'800 – 3'000 CHF,3'500 – 6'500 CHF,7'000 – 15'000 CHF,900 – 1'500 CHF,1'800 – 3'000 CHF,3'500 – 6'500 CHF,7'000 – 15'000 CHF,,,,,,,,,,,,,,,